<?xml version="1.0" encoding="utf-8" standalone="yes" ?>
<rss version="2.0" xmlns:atom="http://www.w3.org/2005/Atom">
  <channel>
    <title>Plant Engineering Services</title>
    <link>https://plant-engineering.web.app/</link>
    <description>Recent content on Plant Engineering Services</description>
    <generator>Hugo -- gohugo.io</generator>
    <language>en-us</language>
    <lastBuildDate>Sun, 05 May 2019 13:46:29 -0400</lastBuildDate>
    
	<atom:link href="https://plant-engineering.web.app/index.xml" rel="self" type="application/rss+xml" />
    
    
    <item>
      <title>Press Repair &amp; Upgrades</title>
      <link>https://plant-engineering.web.app/press-service/press-repair-and-upgrades/</link>
      <pubDate>Sun, 05 May 2019 14:16:30 -0400</pubDate>
      
      <guid>https://plant-engineering.web.app/press-service/press-repair-and-upgrades/</guid>
      <description>Press Repair &amp;amp; Upgrades  A full service engineering firm with the experience and expertise to repair or upgrade your press properly and timely.
 Hydraulic Press Repair We offer a full line of hydraulic press repair. From basic troubleshooting and calibration to major repairs like main ram cylinders and platen guiding systems, we are the very best at getting you back in production. with over 22 years in the business, our engineering and technical staff repair and calibrate all types of presses, regardless of age or original manufacturer.</description>
    </item>
    
    <item>
      <title>Press Relocation Projects</title>
      <link>https://plant-engineering.web.app/press-service/press-relocation/</link>
      <pubDate>Sat, 04 May 2019 14:17:12 -0400</pubDate>
      
      <guid>https://plant-engineering.web.app/press-service/press-relocation/</guid>
      <description>Press Relocation  A full service engineering firm with the experience and qualifications necessary for your next relocation project.
 Turn-Key Equipment Relocation Large or complex relocation projects often require skills and experience that go beyond the typical experience of engineering departments. Even when the skills are available, is it the best allocation of resources given the engineering workload of day to day responsibilities. Our engineering and project management resources can work with your facility to understand the needs and goals of the relocation project and apply our experience and expertise to make sure your project is on time and successful.</description>
    </item>
    
    <item>
      <title>Press Performance Assessments</title>
      <link>https://plant-engineering.web.app/press-service/press-performance-assessments/</link>
      <pubDate>Fri, 03 May 2019 14:17:37 -0400</pubDate>
      
      <guid>https://plant-engineering.web.app/press-service/press-performance-assessments/</guid>
      <description>Press Performance Assessments  &amp;ldquo;a detailed look into your equipment and processes allowing for process development and improvement on a scale never seen before&amp;ldquo;
 Click slideshow to enlarge Hydraulic Press and Process Monitoring Our mobile monitoring systems give you a detailed look into your equipment and processes allowing for process development and improvement on a scale never seen before.
PM-4 Hydraulic Press Monitor Many years of research and development has led to PES’s latest generation of press and process monitoring equipment.</description>
    </item>
    
    <item>
      <title>Our Additional Services</title>
      <link>https://plant-engineering.web.app/press-service/additional-services/</link>
      <pubDate>Thu, 02 May 2019 15:04:38 -0400</pubDate>
      
      <guid>https://plant-engineering.web.app/press-service/additional-services/</guid>
      <description>Design and Build of Custom Presses We design and build new presses for specialty applications up to 500 tons. By utilizing our repair and reconditioning experience from a variety of industries and applications, we are uniquely positioned to apply this experience to design and build new presses that are specifically targeted to your molding, forming or stamping applications. We have designed and built presses in size from 12 – 350 tons for a variety of applications.</description>
    </item>
    
    <item>
      <title>Contact Plant Engineering Services</title>
      <link>https://plant-engineering.web.app/contact/</link>
      <pubDate>Wed, 01 May 2019 15:25:10 -0400</pubDate>
      
      <guid>https://plant-engineering.web.app/contact/</guid>
      <description>Plant Engineering Services team at a tradeshow--  Business Hours  Mon-Fri: 8:00AM - 5:00PM    Call or Message 260.482.1436 Contact Form   Contact President Mark Bohler, President E-Mail: mbohler@planteng.com  Mobile: 260-433-3290    
Map / Directions  
Plant Engineering Services facility in Fort Wayne, IndianaMap / Directions   -- Fort Wayne Location Plant Engineering Services, Inc.</description>
    </item>
    
  </channel>
</rss>